{"cameraMode":{"drawMode":0,"name":"Shaded","section":"Shading Mode"},"sceneLighting":true,"audioPlay":false,"sceneViewState":{"m_AlwaysRefresh":false,"showFog":true,"showSkybox":true,"showFlares":true,"showImageEffects":true,"showParticleSystems":true,"showVisualEffectGraphs":true,"m_FxEnabled":true},"in2DMode":false,"pivot":{"x":0.07658490538597107,"y":1.056495189666748,"z":1.7113450765609742},"rotation":{"x":0.0022913210559636356,"y":-0.9976745843887329,"z":-0.05301661416888237,"w":-0.04313495382666588},"size":0.4578845798969269,"orthographic":false}